text,label,true_label,predicted_label,confidence,confidence_margin,word_count,probability_world,probability_sports,probability_business,probability_sci_tech,confusion_pair,selection_note
"Linux: Paris weighs a shift to open-source camp PARIS The open-source computer system known as Linux won a tough battle over Microsoft earlier this year when the city of Munich decided to change the operating software of 14,000 government computers, despite the personal intervention of Steve Ballmer",2,Business,Sci/Tech,0.9930538535118103,0.9871454578824341,47,0.0008862960967235267,0.00015139963943511248,0.005908395629376173,0.9930538535118103,Business -> Sci/Tech,Representative confusion-pair sample with varied confidence
"AOL, E-Mail Companies Sue Spammers The nation's largest e-mail providers today filed a new round of lawsuits against Internet spammers allegedly responsible for shoveling millions of junk e-mail messages into computer users ' in-boxes and their instant messaging screens.",2,Business,Sci/Tech,0.9734083414077759,0.9486381020396948,39,0.0015601201448589563,0.00026136875385418534,0.024770239368081093,0.9734083414077759,Business -> Sci/Tech,Representative confusion-pair sample with varied confidence
Broadband charges set to tumble The cost of broadband internet access is likely to fall after Ofcom ordered British Telecom to cut the amount it charges internet providers.,2,Business,Sci/Tech,0.9206740260124207,0.8443816378712654,28,0.002821741858497262,0.00021179650502745062,0.07629238814115524,0.9206740260124207,Business -> Sci/Tech,Representative confusion-pair sample with varied confidence
IBM 'to sell PC business ' IBM is reportedly in talks to sell its personal computer business. It would mark the end of an era for the company that brought the computer into the mainstream when it began selling its desktop PC to corporations and consumers in 1981.,2,Business,Sci/Tech,0.7900815010070801,0.5825166255235672,48,0.0019352806266397238,0.00041841165511868894,0.20756487548351288,0.7900815010070801,Business -> Sci/Tech,Representative confusion-pair sample with varied confidence
"Diesels, Hybrids Fated to Wed Two leading technologies used in fuel-efficient vehicles seem destined to unite. Industry experts say joining hybrid motors with diesel engines would result in the greenest mainstream vehicles ever, and the initial tests are promising.",2,Business,Sci/Tech,0.6388459205627441,0.29510629177093506,39,0.016848096624016762,0.0005663384217768908,0.3437396287918091,0.6388459205627441,Business -> Sci/Tech,Representative confusion-pair sample with varied confidence
"Study raises stent doubts Heart patients aren't more likely to live long term after getting the artery-opening tubes called stents, according to a study released yesterday by researchers at Duke University.",2,Business,Sci/Tech,0.461180716753006,0.024574309587478638,31,0.0993288978934288,0.00288405385799706,0.43660640716552734,0.461180716753006,Business -> Sci/Tech,Representative confusion-pair sample with varied confidence
A wandering Congress trips over the US Constitution That is the one-word message of advice that citizens wanted to send to members of Congress at the end of last week. Both the House of Representatives and the Senate looked as if they are having trouble seizing,2,Business,World,0.44342201948165894,0.041649580001831055,46,0.44342201948165894,0.00738332886248827,0.4017724394798279,0.1474221646785736,Business -> World,Representative confusion-pair sample with varied confidence
"Gas prices up 5 cents after Hurricane Ivan CAMARILLO, Calif. - Gas prices jumped more than 5 cents a gallon in the past two weeks, largely because of supply problems related to Hurricane Ivan, an industry analyst said.",3,Sci/Tech,Business,0.9964219331741333,0.9942163340747356,38,0.0022055990993976593,0.00011245084897382185,0.9964219331741333,0.0012600355548784137,Sci/Tech -> Business,Representative confusion-pair sample with varied confidence
"An Unknown Giant Flexes Its Muscles Although virtually unknown in the U.S., Lenovo - in talks to buy I.B.M.'s personal computer business - is China's largest PC maker and the world's fastest growing one.",3,Sci/Tech,Business,0.8976452350616455,0.7993357256054878,34,0.003633111249655485,0.0004121539241168648,0.8976452350616455,0.09830950945615768,Sci/Tech -> Business,Representative confusion-pair sample with varied confidence
"Salesforce.com 2Q Profit Up Sharply Software developer Salesforce.com Inc. posted a sharp rise in second-quarter profit on better-than-expected revenue during its first quarter as a public company, but investors shunned the stock in late trading",3,Sci/Tech,Business,0.7607948184013367,0.5236630290746689,35,0.001501603750512004,0.0005717683816328645,0.7607948184013367,0.23713178932666779,Sci/Tech -> Business,Representative confusion-pair sample with varied confidence
"BearingPoint CFO Out; Error Found McLean technology consulting company BearingPoint Inc. said yesterday that its chief financial officer, Robert S. Falcone, would retire on Nov. 30.",3,Sci/Tech,Business,0.6277148723602295,0.25742417573928833,26,0.0015410763444378972,0.00045337018673308194,0.6277148723602295,0.37029069662094116,Sci/Tech -> Business,Representative confusion-pair sample with varied confidence
"Ecuadorean Lawsuit Vs Texaco Boils Down to Science (Reuters) Reuters - After a decade of court battles, lawyers on Wednesday took a lawsuit by Ecuadorean Indians accusing U.S. oil firm ChevronTexaco Corp.. of polluting the Amazon jungle into the field.",3,Sci/Tech,Business,0.4602554738521576,0.17140844464302063,40,0.249546080827713,0.0013514062156900764,0.4602554738521576,0.28884702920913696,Sci/Tech -> Business,Representative confusion-pair sample with varied confidence
"Philippines mourns dead in Russian school siege The Philippines Saturday expressed ""deepest sympathy "" to the families of the dead in the Russian school siege on Friday, in which 322 people were killed when Russian troops stormed",3,Sci/Tech,World,0.9972412586212158,0.9953849967569113,37,0.9972412586212158,0.00022083443764131516,0.0018562618643045425,0.0006815679953433573,Sci/Tech -> World,Representative confusion-pair sample with varied confidence
'Money woes' foiled Beagle 2 shot A report into the loss of British Mars probe Beagle 2 blames the UK government's failure to commit funds early.,3,Sci/Tech,World,0.4339387118816376,0.05386972427368164,26,0.4339387118816376,0.0012009497731924057,0.1847914308309555,0.38006898760795593,Sci/Tech -> World,Representative confusion-pair sample with varied confidence
FleetCenter to be reunion arena It has all the gossipy intrigue and social awkwardness of seating the still-respected ex-wife and the sexy new girlfriend at the same table for a family wedding.,1,Sports,Business,0.46332240104675293,0.031657904386520386,32,0.02803569845855236,0.43166449666023254,0.46332240104675293,0.07697735726833344,Sports -> Business,Representative confusion-pair sample with varied confidence
"Oil prices bubble to record high The price of oil has continued its sharp rise overnight, closing at a record high. The main contract in New York, light sweet crude for delivery next month, has closed at a record $US46.75 a barrel - up 70 cents on yesterday's close.",0,World,Business,0.9962504506111145,0.9939273062627763,49,0.0023231443483382463,0.0001915746252052486,0.9962504506111145,0.0012349073076620698,World -> Business,Representative confusion-pair sample with varied confidence
Producer sues for Rings profits Hollywood producer Saul Zaentz sues the producers of The Lord of the Rings for $20m in royalties.,0,World,Business,0.39560866355895996,0.05712434649467468,22,0.2633676826953888,0.002539339242503047,0.39560866355895996,0.3384843170642853,World -> Business,Representative confusion-pair sample with varied confidence
"Mars water tops science honours The discovery that salty, acidic water once flowed across the surface of Mars has topped a list of the 10 key scientific advances of 2004.",0,World,Sci/Tech,0.9923741221427917,0.9867282994091511,30,0.005645822733640671,0.00018336610810365528,0.0017967370804399252,0.9923741221427917,World -> Sci/Tech,Representative confusion-pair sample with varied confidence
Next Big Hit at the Modern: Its Reopening The buzz over the greatly enlarged museum is expected to turn into a cacophony on Saturday.,0,World,Sci/Tech,0.3713543117046356,0.07537186145782471,24,0.26465824246406555,0.06800495088100433,0.2959824502468109,0.3713543117046356,World -> Sci/Tech,Representative confusion-pair sample with varied confidence
"USC, Miami Top BCS Standings, Not Okla. Southern California took the top spot Monday in the season's first Bowl Championship Series standings, and surprisingly Miami is ahead of Oklahoma in a close race for the second spot. Oklahoma is No...",0,World,Sports,0.6121984124183655,0.23032256960868835,40,0.3818758428096771,0.6121984124183655,0.0047118631191551685,0.0012138828169554472,World -> Sports,Representative confusion-pair sample with varied confidence
